{"id":"842f202a-f306-bdd3-8ea9-29bc4226","type":"InsertNode","followElement":{"id":"e52e4f17-30dc-ea2e-5fac-76cd9dc8","type":"HeadLoopNode","text":"While true","followElement":{"id":"9b6e4872-f990-a7d9-640d-b7eb03d6","type":"InsertNode","followElement":null},"child":{"id":"029775d2-aaf5-4850-c2c5-01640e5d","type":"InsertNode","followElement":{"id":"2fc38a89-4f3a-8d95-17f6-2c231f87","type":"InputNode","text":"Personalnummer:","followElement":{"id":"3e398a22-0aa0-8e2a-4ba0-8a041525","type":"InsertNode","followElement":{"id":"ef752d93-ee09-0fde-29e2-357e9732","type":"InputNode","text":"Geleisteten Arbeitsstunden","followElement":{"id":"f34e7dbe-9465-f54d-610b-9b26113e","type":"InsertNode","followElement":{"id":"d2ef4de0-0de6-889c-df26-fcacaba1","type":"InputNode","text":"Dein Stundenlohn:","followElement":{"id":"38057cd5-cde9-861f-85b2-bc8cc3de","type":"InsertNode","followElement":{"id":"d9b1cfcc-c409-2f1d-a920-40e677e4","type":"BranchNode","text":"Ende der Eingabe?","followElement":{"id":"d6db000d-0644-c8fe-685d-3e4795f2","type":"InsertNode","followElement":null},"trueChild":{"id":"ca3d8a58-7437-2b96-a920-614156b0","type":"InsertNode","followElement":{"id":"763df628-1451-137a-d3b6-65885ffb","type":"OutputNode","text":"While => false; eingegebenen Daten aufgelistet und die Gesamtsumme aller Bruttolöhne ausgegeben","followElement":{"id":"364ba5cb-5897-b9fb-b16b-2c739e75","type":"InsertNode","followElement":null}}},"falseChild":{"id":"367a9cdc-c3cb-6f90-22c7-a61080a4","type":"InsertNode","followElement":{"id":"88c1b1df-8128-11c6-4d1d-3c513345","type":"TaskNode","text":"Schleife neu Starten","followElement":{"id":"650faca6-870b-a4a6-16cb-8855e2fb","type":"InsertNode","followElement":null}}}}}}}}}}}}}