{"id":"b8861091-f621-35d9-332b-dfc741ae","type":"InsertNode","followElement":{"id":"c9ffc253-2fae-b68b-8389-d80b47a9","type":"TaskNode","text":"Person 1: Denken sie sich eine Zahl zwischen 1 und 100 aus","followElement":{"id":"f6d7681f-0607-a162-43b0-718c79bb","type":"InsertNode","followElement":{"id":"66063eeb-b1ec-8026-3a97-1fed41a3","type":"TaskNode","text":"Person 2: sagt eine Zahl","followElement":{"id":"fbf15ce9-01f6-1f4e-5467-31ec899d","type":"InsertNode","followElement":{"id":"219acc43-8e06-b460-1706-b4d77e50","type":"HeadLoopNode","text":"Zahl von Person 2 != Zahl von Person 1","followElement":{"id":"0fd2719a-0b0f-b3db-a396-69c7847e","type":"InsertNode","followElement":null},"child":{"id":"b44bfcf9-d9c1-55c8-b183-fd6cf77b","type":"InsertNode","followElement":{"id":"e60b8f63-7d0a-896a-2c41-a4dfcd03","type":"CaseNode","text":"Variable","followElement":{"id":"11ddfc36-3501-17a4-0112-75c87cc6","type":"InsertNode","followElement":null},"defaultOn":true,"defaultNode":{"id":"99657b63-6673-c977-f004-18d77f9f","type":"InsertCase","text":"Sonst","followElement":{"id":"19a6e5bf-3536-2c0c-51da-4e319d5a","type":"InsertNode","followElement":{"id":"f4768349-d0d7-3563-4f67-731d9cea","type":"OutputNode","text":"\"Gleich\"","followElement":{"id":"ee09adfa-20b4-c096-e1ee-89063adb","type":"InsertNode","followElement":null}}}},"cases":[{"id":"9d8c3a4c-626d-4aab-fc52-f13a6e17","type":"InsertCase","text":"PersonenZahl2 > PersonenZahl1","followElement":{"id":"57f253b2-8076-a0fe-535f-472589a6","type":"InsertNode","followElement":{"id":"32a9f1ba-abb1-7b6c-cebb-d886544a","type":"OutputNode","text":"\"Zu groß\"","followElement":{"id":"bbbb6e34-958a-540d-d741-c8d0fea8","type":"InsertNode","followElement":null}}}},{"id":"2cf6270a-8623-b229-734e-488e88cd","type":"InsertCase","text":"PersonenZahl2 < PersonenZahl1","followElement":{"id":"0f560044-52c2-5c1b-6aaf-22fc67a9","type":"InsertNode","followElement":{"id":"969db3ae-b054-310d-67f6-6fac91dd","type":"OutputNode","text":"\"Zu klein\"","followElement":{"id":"36d0ef3b-dc2f-f0bb-3b4d-67113fba","type":"InsertNode","followElement":null}}}}]}}}}}}}}